table,column,type,pk_fk,global_id_format,is_synthetic
customers,customer_id,integer,PK,-,False
customers,global_id,string,Unique,customer:ID,False
products,product_id,integer,PK,-,False
products,global_id,string,Unique,product:ID,False
orders,order_id,integer,PK,-,False
orders,global_id,string,Unique,order:ID,False
orders,customer_latitude,float,-,-,False
orders,customer_longitude,float,-,-,False
orders,assigned_warehouse_id,integer,FK,warehouse:ID,True
orders,is_simulated,boolean,-,-,False
shipments,shipment_id,integer,PK,-,False
shipments,global_id,string,Unique,shipment:ID,False
order_items,item_id,integer,PK,-,False
order_items,global_id,string,Unique,item:ID,False
suppliers,supplier_id,integer,PK,-,True
suppliers,global_id,string,Unique,supplier:ID,True
supplier_products,supplier_id,integer,FK,supplier:ID,True
supplier_products,product_id,integer,FK,product:ID,True
warehouses,warehouse_id,integer,PK,-,True
warehouses,global_id,string,Unique,warehouse:ID,True
warehouse_inventory,inventory_id,integer,PK,-,True
warehouse_inventory,global_id,string,Unique,inventory:ID,True
vehicles,vehicle_id,integer,PK,-,True
vehicles,global_id,string,Unique,vehicle:ID,True
