product_id,name,category_id,category,price,global_id
1360,Smart watch ,73,Sporting Goods,327.75,product:1360
365,Perfect Fitness Perfect Rip Deck,17,Cleats,59.99000168,product:365
627,Under Armour Girls' Toddler Spine Surge Runni,29,Shop By Sport,39.99000168,product:627
502,Nike Men's Dri-FIT Victory Golf Polo,24,Women's Apparel,50.0,product:502
278,Under Armour Men's Compression EV SL Slide,13,Electronics,44.99000168,product:278
249,Under Armour Women's Micro G Skulpt Running S,12,Boxing & MMA,54.97000122,product:249
191,Nike Men's Free 5.0+ Running Shoe,9,Cardio Equipment,99.98999786,product:191
917,Glove It Women's Mod Oval 3-Zip Carry All Gol,41,Trade-In,21.98999977,product:917
828,Bridgestone e6 Straight Distance NFL San Dieg,37,Electronics,31.98999977,product:828
642,Columbia Men's PFG Anchor Tough T-Shirt,29,Shop By Sport,30.0,product:642
818,Titleist Pro V1x Golf Balls,37,Electronics,47.99000168,product:818
825,Bridgestone e6 Straight Distance NFL Tennesse,37,Electronics,31.98999977,product:825
306,Polar FT4 Heart Rate Monitor,38,Kids' Golf Clubs,89.98999786,product:306
977,ENO Atlas Hammock Straps,44,Hunting & Shooting,29.98999977,product:977
44,adidas Men's F10 Messi TRX FG Soccer Cleat,3,Baseball & Softball,59.99000168,product:44
251,Brooks Women's Ghost 6 Running Shoe,12,Boxing & MMA,89.98999786,product:251
403,Nike Men's CJ Elite 2 TD Football Cleat,18,Men's Footwear,129.9900055,product:403
957,Diamondback Women's Serene Classic Comfort Bi,43,Camping & Hiking,299.980011,product:957
1352,Industrial consumer electronics,65,Consumer Electronics,252.8800049,product:1352
1349,Web Camera,62,Cameras ,452.0400085,product:1349
1351,Dell Laptop,64,Computers,1500.0,product:1351
60,SOLE E25 Elliptical,4,Basketball,999.9899902,product:60
24,Elevation Training Mask 2.0,2,Soccer,79.98999786,product:24
567,adidas Men's Germany Black Crest Away Tee,26,Girls' Apparel,25.0,product:567
893,Team Golf Pittsburgh Steelers Putter Grip,40,Accessories,24.98999977,product:893
924,Glove It Urban Brick Golf Towel,41,Trade-In,15.98999977,product:924
905,Team Golf Texas Longhorns Putter Grip,40,Accessories,24.98999977,product:905
564,Nike Men's Deutschland Weltmeister Winners Bl,26,Girls' Apparel,30.0,product:564
885,Team Golf St. Louis Cardinals Putter Grip,40,Accessories,24.98999977,product:885
1363,Summer dresses,76,Women's Clothing,215.8200073,product:1363
1353,Porcelain crafts,66,Crafts,461.480011,product:1353
1357,Men's gala suit,70,Men's Clothing,210.8500061,product:1357
906,Team Golf Tennessee Volunteers Putter Grip,40,Accessories,24.98999977,product:906
886,Team Golf San Francisco Giants Putter Grip,40,Accessories,24.98999977,product:886
926,Glove It Imperial Golf Towel,41,Trade-In,15.98999977,product:926
116,Nike Men's Comfort 2 Slide,6,Tennis & Racquet,44.99000168,product:116
235,Under Armour Hustle Storm Medium Duffle Bag,11,Fitness Accessories,34.99000168,product:235
273,Under Armour Kids' Mercenary Slide,13,Electronics,27.98999977,product:273
282,Under Armour Women's Ignite PIP VI Slide,13,Electronics,31.98999977,product:282
359,Nike Men's Free TR 5.0 TB Training Shoe,16,As Seen on  TV!,99.98999786,product:359
565,adidas Youth Germany Black/Red Away Match Soc,26,Girls' Apparel,70.0,product:565
572,TYR Boys' Team Digi Jammer,26,Girls' Apparel,39.99000168,product:572
804,Glove It Women's Imperial Golf Glove,36,Golf Balls,19.98999977,product:804
822,Titleist Pro V1x High Numbers Golf Balls,37,Electronics,47.99000168,product:822
835,Bridgestone e6 Straight Distance NFL Carolina,37,Electronics,31.98999977,product:835
276,Under Armour Women's Ignite Slide,13,Electronics,31.98999977,product:276
823,Titleist Pro V1x High Numbers Personalized Go,37,Electronics,51.99000168,product:823
203,GoPro HERO3+ Black Edition Camera,10,Strength Training,399.9899902,product:203
364,Total Gym 1400,17,Cleats,299.9899902,product:364
1350,Children's heaters,63,Children's Clothing,357.1000061,product:1350
897,Team Golf New England Patriots Putter Grip,40,Accessories,24.98999977,product:897
37,adidas Kids' F5 Messi FG Soccer Cleat,3,Baseball & Softball,34.99000168,product:37
172,Nike Women's Tempo Shorts,9,Cardio Equipment,30.0,product:172
810,Glove It Women's Mod Oval Golf Glove,36,Golf Balls,19.98999977,product:810
821,Titleist Pro V1 High Numbers Personalized Gol,37,Electronics,51.99000168,product:821
93,Under Armour Men's Tech II T-Shirt,5,Lacrosse,24.98999977,product:93
1347,Baby sweater,60,Baby ,59.08000183,product:1347
305,Mio ALPHA Heart Rate Monitor/Sport Watch,38,Kids' Golf Clubs,199.0,product:305
1004,Field & Stream Sportsman 16 Gun Fire Safe,45,Fishing,399.980011,product:1004
1346,Sports Books ,59,Books ,31.07999992,product:1346
58,Diamondback Boys' Insight 24 Performance Hybr,4,Basketball,299.9899902,product:58
311,Polar Loop Activity Tracker,38,Kids' Golf Clubs,109.9499969,product:311
303,Garmin Forerunner 910XT GPS Watch,38,Kids' Golf Clubs,399.9899902,product:303
1354,DVDs ,67,DVDs,164.3800049,product:1354
1348,CDs of rock,61,CDs ,11.28999996,product:1348
78,Nike Kids' Grade School KD VI Basketball Shoe,5,Lacrosse,99.98999786,product:78
258,Nike Women's Free 5.0 TR FIT PRT 4 Training S,12,Boxing & MMA,94.98999786,product:258
797,Hirzl Women's Soffft Flex Golf Glove,36,Golf Balls,17.98999977,product:797
981,The North Face Women's Recon Backpack,44,Hunting & Shooting,99.0,product:981
1355,Lawn mower,68,Garden,532.5800171,product:1355
135,Nike Dri-FIT Crew Sock 6 Pack,7,Hockey,22.0,product:135
134,Nike Women's Legend V-Neck T-Shirt,7,Hockey,25.0,product:134
845,Garmin Approach S4 Golf GPS Watch,38,Kids' Golf Clubs,299.9899902,product:845
982,insta-bed Neverflat Air Mattress,44,Hunting & Shooting,149.9900055,product:982
625,Nike Men's Kobe IX Elite Low Basketball Shoe,29,Shop By Sport,199.9900055,product:625
1359,Adult dog supplies,72,Pet Supplies,84.40000153,product:1359
1356,First aid kit,69,Health and Beauty,293.0400085,product:1356
607,Garmin Approach S3 Golf GPS Watch,41,Trade-In,249.9900055,product:607
1358,Rock music,71,Music,260.6499939,product:1358
1362,Fighting video games,75,Video Games,39.75,product:1362
295,Fitbit The One Wireless Activity & Sleep Trac,38,Kids' Golf Clubs,99.94999695,product:295
127,Stiga Master Series ST3100 Competition Indoor,7,Hockey,329.9899902,product:127
61,Diamondback Girls' Clarity 24 Hybrid Bike 201,4,Basketball,299.9899902,product:61
35,adidas Brazuca 2014 Official Match Ball,3,Baseball & Softball,159.9900055,product:35
858,GolfBuddy VT3 GPS Watch,38,Kids' Golf Clubs,199.9900055,product:858
860,Bushnell Pro X7 Jolt Slope Rangefinder,38,Kids' Golf Clubs,599.9899902,product:860
216,Yakima DoubleDown Ace Hitch Mount 4-Bike Rack,10,Strength Training,189.0,product:216
19,Nike Men's Fingertrap Max Training Shoe,2,Soccer,124.9899979,product:19
226,Bowflex SelectTech 1090 Dumbbells,11,Fitness Accessories,599.9899902,product:226
208,SOLE E35 Elliptical,10,Strength Training,1999.98999,product:208
793,Hirzl Women's Hybrid Golf Glove,36,Golf Balls,14.98999977,product:793
792,Hirzl Men's Hybrid Golf Glove,36,Golf Balls,14.98999977,product:792
786,TaylorMade 2014 Purelite Stand Bag,35,Golf Gloves,179.9900055,product:786
778,Bag Boy Beverage Holder,35,Golf Gloves,24.98999977,product:778
777,Bag Boy M330 Push Cart,35,Golf Gloves,79.98999786,product:777
775,Clicgear 8.0 Shoe Brush,35,Golf Gloves,9.989999771,product:775
773,Titleist Small Wheeled Travel Cover,35,Golf Gloves,249.9900055,product:773
771,Clicgear Rovic Cooler Bag,35,Golf Gloves,39.99000168,product:771
768,Titleist Club Glove Travel Cover,35,Golf Gloves,299.9899902,product:768
743,Ogio Race Golf Shoes,34,Golf Bags & Carts,169.9900055,product:743
730,LIJA Women's Argyle Golf Polo,33,Golf Shoes,80.0,product:730
728,LIJA Women's Eyelet Sleeveless Golf Polo,33,Golf Shoes,65.0,product:728
725,LIJA Women's Button Golf Dress,33,Golf Shoes,108.0,product:725
724,LIJA Women's Mid-Length Panel Golf Shorts,33,Golf Shoes,100.0,product:724
715,TaylorMade Women's RBZ SL Rescue,32,Golf Apparel,129.9900055,product:715
705,Cleveland Golf Women's 588 RTX CB Satin Chrom,32,Golf Apparel,119.9899979,product:705
703,Top Flite Women's 2014 XL Hybrid,32,Golf Apparel,19.98999977,product:703
691,MDGolf Pittsburgh Penguins Putter,31,Women's Golf Clubs,79.98999786,product:691
677,TaylorMade White Smoke IN-12 Putter,31,Women's Golf Clubs,99.98999786,product:677
671,Cleveland Golf Collegiate My Custom Wedge 588,31,Women's Golf Clubs,209.9900055,product:671
666,Merrell Men's All Out Flash Trail Running Sho,30,Men's Golf Clubs,109.9899979,product:666
652,Merrell Women's Grassbow Sport Waterproof Hik,30,Men's Golf Clubs,129.9900055,product:652
647,Merrell Women's Siren Mid Waterproof Hiking B,30,Men's Golf Clubs,134.9900055,product:647
646,Merrell Women's Grassbow Sport Hiking Shoe,30,Men's Golf Clubs,99.98999786,product:646
1361,Toys ,74,Toys,11.53999996,product:1361
1073,Pelican Sunstream 100 Kayak,48,Water Sports,199.9900055,product:1073
1059,Pelican Maverick 100X Kayak,48,Water Sports,349.9899902,product:1059
1014,O'Brien Men's Neoprene Life Vest,46,Indoor/Outdoor Games,49.97999954,product:1014
